name,age
Alea Hyde,19
Leonard Tran,61
McKenzie Crosby,43
Ian Frye,68
Silas Marshall,22
Zelenia Gibbs,70
Ivan Best,59
Winter Pugh,56
James Ramsey,66
Pamela Aguilar,68
Venus Castillo,73
Shea Padilla,81
Paula Hansen,35
Arden Hogan,39
Brianna Puckett,78
Kylynn Duncan,93
Burke Mcbride,73
Cedric Wilder,33
Leah Callahan,84
Nathaniel Roberson,85
Karly Cruz,29
Quinn Bender,18
Keegan Buckner,26
Kerry Boyer,87
Barrett Wilkins,21
Maisie Nicholson,78
Julie Carter,21
Phyllis Cochran,22
Madeson Kinney,79
Amos Ryan,29
Iola Leach,88
Rudyard Bond,70
Ina Cochran,65
Willa Barnes,51
Cherokee Mercado,64
Isadora Murray,90
Derek Valenzuela,17
Adrian Humphrey,55
Blaze Page,63
Kennan Campos,34
Victor Short,76
Adara Marsh,23
Shafira Cannon,48
Acton Hunt,53
Lev Wynn,47
Ebony Garcia,18
Thor Fowler,53
Lucius Houston,37
Britanney Dawson,48
Abigail Ruiz,41
Henry Williamson,62
Fritz Wilkinson,44
Gabriel Mullen,50
Gary Vaughn,45
Driscoll Lara,77
Ava Martin,30
Desiree Ratliff,26
Mari Bowers,72
Ashton Kane,63
Daria O'donnell,62
Erin Berg,54
Dante Riley,58
Hyacinth Burke,56
Kennedy Sandoval,50
Candice Nixon,42
Vielka Ayers,92
Hoyt Evans,89
Ashton Guy,70
Honorato Small,72
Virginia Hall,66
Raja Reeves,25
Irma Peterson,39
Deborah Dillard,71
Juliet Pugh,66
Dara Drake,20
Imogene Melton,24
Germane Harvey,28
Merrill Serrano,57
Hillary Finley,85
Vera Chambers,33
Sharon Nguyen,71
Victor Vang,79
Jael Nunez,82
Amir Stanley,31
Cathleen Daugherty,35
Prescott Vang,49
Calvin Marquez,69
Carson Ruiz,92
Reagan Schultz,24
Scarlet Oneal,47
Wing Rosales,75
Indira Jefferson,65
Amity Bolton,20
Fuller Diaz,71
Quinlan Welch,46
Nadine Britt,72
Herman Dunlap,90
Ivy Wood,43
Solomon Calhoun,59
Lewis Frank,32
