name,age
Benjamin Lancaster,18
Zenia Compton,30
Jana Compton,48
Wylie Wilder,71
Kirby Arnold,28
Yardley Velasquez,40
Marny Padilla,71
Germaine Lane,26
Keaton Johnston,28
Maisie Guthrie,88
Colby Hull,45
Vaughan Campos,71
Delilah Perry,34
Patricia Larson,18
Uta Randolph,76
Amelia Summers,30
Paloma Silva,39
Sade Suarez,30
Miranda Whitehead,42
Tamekah Wong,93
Elmo Randolph,42
Jillian Dodson,19
Aspen Barton,42
Kibo Carson,23
Wilma Watson,32
Neve Cox,25
James Schneider,75
Kirk Reyes,24
Shoshana King,24
Halee Mccarthy,58
Roanna Osborne,26
Brenda Roth,64
Piper Thomas,32
Oliver Durham,45
Faith Curtis,23
Lila Pratt,63
Hashim Wiggins,66
Deanna Wall,93
Brenden Bowen,47
Addison Henderson,57
Zachery Conner,51
Zelenia Beach,56
Kylan Walker,16
Myra French,29
Justin Rush,94
Michelle Price,91
Wing Burke,79
Emma Barker,53
Sopoline Walls,84
Murphy Savage,29
Omar Anthony,91
Victor Benton,85
Carissa Bonner,48
Allegra Ware,89
Fulton Mason,88
Ignatius Tran,36
Rama Jackson,69
Uriah Parker,31
Jade Huff,70
Jacob Wilkinson,53
Vanna Williamson,25
Aidan Crosby,81
Demetria Patrick,70
Shaeleigh Norris,35
Germane Rivers,92
Rahim Torres,44
Aimee Barr,68
Azalia Brady,64
Vanna Adkins,25
Carol Kerr,58
Charity Burt,89
Colette Padilla,60
Noel Booth,21
Kiayada Davenport,58
Juliet Buckner,40
Daria Burke,20
Christen Rivera,26
Alec Horton,41
Rudyard Suarez,67
Jessamine Fleming,91
Scarlet Jennings,47
Troy Lamb,95
Regina Cantu,16
Eagan Hurst,93
Genevieve Shannon,40
Jesse Shepard,33
Astra Mcdonald,21
Tatum Mckinney,30
Xander Cain,90
Echo Byrd,28
Isabelle Lamb,54
Honorato Rodriquez,33
Leah Hoover,46
Ray Spears,31
Jolie Glover,29
Tatiana Cooke,60
Tanek House,44
Moses Hood,86
Yoko Calhoun,47
Nyssa Tillman,24
