name,age
Xanthus Barlow,16
Candace Reynolds,32
Tucker Shaw,92
Chantale Calderon,56
Patrick Richards,71
Berk Espinoza,43
Oren Sanchez,72
Lester Tanner,82
Chaney Webster,67
Kellie Jimenez,95
Tyrone Mcleod,71
Justina Bruce,87
Cooper Vasquez,25
Magee Herring,24
Isaac Chen,43
Vivian Tucker,60
Jermaine Yates,28
Caryn Prince,21
Latifah Fuentes,33
Angelica Landry,28
Holmes Bates,29
Dorian Boyd,64
Giselle Rhodes,88
Honorato Townsend,20
Brittany Mccarthy,79
Olympia Vaughan,90
Jamalia Edwards,22
Chaney Robertson,63
Rajah Luna,92
Maite Ratliff,42
Hakeem Guthrie,42
Joel Byrd,93
Baker Griffith,34
Guy Payne,63
Nerea Fernandez,88
Otto Weber,65
Audrey Spears,23
Rogan Colon,58
Forrest Little,49
Gage Hardin,27
Dalton Brewer,37
Jane Perez,30
Zoe Christian,53
Lyle Ross,25
Britanney Cline,63
Maisie Douglas,24
Clayton Lyons,66
Yoshi Kirk,87
Preston Turner,43
Cameron Guzman,63
Cherokee Sweet,39
Joan Lawson,56
Lester Espinoza,95
Christopher Avila,25
Lana Mullins,43
Medge May,51
Rana Scott,85
Zelda Maddox,39
Priscilla Lynch,49
Vernon Mcintosh,30
Kadeem Bates,74
Rooney Johnston,49
Chanda Oneil,62
Charles Sosa,58
Quin Mendoza,35
Keefe Harmon,88
Nevada Lowery,43
Alisa Ramsey,28
Arsenio Delgado,67
Kameko Blevins,67
Sheila Riley,29
Cullen Munoz,93
Levi O'donnell,75
Halla Solomon,23
Yasir Wade,24
Perry Chambers,77
Kareem Rasmussen,84
Arthur Sandoval,16
Kylie Austin,18
Rana Henry,54
Keefe Woodward,52
Dorian Mcguire,68
Nell Leach,71
Buffy Webster,87
Timothy Chapman,48
Lamar Morrison,41
Linus Mcpherson,44
Fitzgerald Riley,40
Suki Warner,73
Ashely Richardson,35
Eric Hubbard,44
Britanni Blankenship,59
Kaye Smith,77
Otto Holland,38
Zelenia Macdonald,71
Victor Carter,85
Garth Ashley,46
Dillon Shields,71
Candice Spence,79
Thomas Villarreal,43
