name,age
Sigourney Horton,17
Brynne Herrera,62
Ethan Figueroa,64
Hope Velez,93
Grace Hays,45
Gareth Barron,73
Jaquelyn Middleton,49
Carly Raymond,29
Cora Bryan,83
Colette Collins,70
Uta Jacobs,33
Bryar Lowe,58
Iona Bush,62
Virginia Ruiz,88
Herman Benton,91
Carl Byrd,91
Kenyon Joseph,64
Camilla Vazquez,78
Moses Aguilar,25
Blaze Smith,90
Kennedy Tran,43
Karyn Bauer,85
Colin Dodson,37
Suki Green,64
Todd Singleton,37
Haviva Higgins,54
Russell Malone,43
Inez Mcdaniel,25
Janna Fry,19
Neville Osborne,16
Rahim Sanford,45
Gary Atkins,80
Chancellor Rivers,33
Nolan Hardy,38
Elmo Cook,38
Germane Whitaker,71
Thane Crane,22
Lewis Butler,51
Micah Morrow,82
Ayanna Allen,59
Tatyana Wright,60
Alana Farrell,80
Benjamin Heath,74
Wyatt Winters,56
Reese Rojas,33
Rae Mcbride,76
Tanner Foster,19
Aretha Glass,81
Howard Meyer,72
Evelyn Carlson,19
Clayton Chang,83
Garrett Ramsey,63
Uriel Massey,21
Alexander Boyd,36
Maite Osborn,80
Driscoll Velazquez,39
Cody Sharpe,33
Lavinia Odom,66
Xaviera Melton,39
Clio Miranda,59
Urielle Murphy,36
Steven Cervantes,92
Jennifer Jackson,54
Reese Christian,45
Arden Roach,76
Abel Melton,53
Ryder Mcconnell,43
Noble Page,50
Reuben Mcleod,46
Cassidy Day,71
Chase Pierce,53
Nayda Crane,66
Dominic Fernandez,85
Kenneth Avery,28
Xandra Mcfarland,51
Norman Rasmussen,76
Erasmus Arnold,36
Signe Stokes,56
Adara Vega,19
Kenneth King,19
Lilah Reilly,67
Armando Ward,86
Katell Griffith,21
Gannon Mcneil,26
Ryan Huff,26
Joseph Larson,66
Gloria Bowen,93
Rashad Olson,57
India Hughes,23
Grant Hendricks,37
Orlando O'donnell,34
Geoffrey Nelson,64
Camden Serrano,62
Nolan Romero,32
Nicole Rollins,51
Garrett Levine,78
Merrill Greene,73
Oliver Acevedo,69
Jack Wagner,34
MacKenzie Cochran,21
